Id,Labels
272,Batman Begins
238,The Godfather
694,The Shining
163,Ocean's Twelve
389,12 Angry Men
1592,Primal Fear
278,The Shawshank Redemption
120,The Lord of the Rings: The Fellowship of the Ring
47363,Deathstalker IV: Match of Titans
57158,The Hobbit: The Desolation of Smaug
49521,Man of Steel
769,Goodfellas
105,Back to the Future
862,Toy Story
135397,Jurassic World
223,Rebecca
1865,Pirates of the Caribbean: On Stranger Tides
122917,The Hobbit: The Battle of the Five Armies
228967,The Interview
205596,The Imitation Game
118340,Guardians of the Galaxy
156022,The Equalizer
198663,The Maze Runner
154400,The Drop
72784,The Loft
205587,The Judge
119450,Dawn of the Planet of the Apes
23483,Kick-Ass
181533,Night at the Museum: Secret of the Tomb
227156,The Giver
76338,Thor: The Dark World
244761,The Captive
138832,We're the Millers
238215,The Cobbler
241848,The Guest
254904,The November Man
169917,A Walk Among the Tombstones
138103,The Expendables 3
100402,Captain America: The Winter Soldier
332749,The Forecaster
241254,The Prince
242224,The Babadook
302324,The Team
282813,The Pyramid
131631,The Hunger Games: Mockingjay - Part 1
284536,The Gambler
1278,The Dreamers
242095,The Signal
244458,The Voices
266856,The Theory of Everything
170687,The Boxtrolls
256917,The Water Diviner
106646,The Wolf of Wall Street
137106,The Lego Movie
224141,Into the Woods
109091,The Counselor
245692,The Search
174675,The Machine
132363,The Butler
228326,The Book of Life
238636,The Purge: Anarchy
297270,Tinker Bell and the Legend of the NeverBeast
44865,The Grandmaster
209247,The Art of the Steal
287738,The Term
256539,The Island
245856,The Disobedient
102382,The Amazing Spider-Man 2
264656,The Homesman
120467,The Grand Budapest Hotel
604,The Matrix Reloaded
266285,The Salvation
216282,Into the Storm
260339,Salting the Battlefield
265010,The Canal
269173,The Anomaly
607,Men In Black
222935,The Fault in Our Stars
254023,The Humbling
256154,The Womaniser
288463,The Guvnors
178809,The Colony
281418,The Lookalike
289727,The Rewrite
146015,The Double
287599,The Intruder
209112,Batman v Superman: Dawn of Justice
193610,The Other Woman
280002,The Remaining
292625,The Swimmers
203833,The Book Thief
169881,The Physician
297023,The Lies of the Victors
295724,The Boarder
251852,The Scribbler
328515,The Couple
197950,The Connection
175112,The Pirate Fairy
287505,The Reaper
298395,The Crone
273623,The Parallel
300992,The Unforgetting
198287,After the Dark
136911,The Factory
129139,The To Do List
298073,Chuzhaya voyna
293123,The guru
311122,The Son
255746,The Reunion 2 - The Funeral
24,Kill Bill: Vol. 1
954,Mission: Impossible
301529,ø_™‹™ƒø_ø¿™_ø©
211247,The Fake
296577,The Shelter
263965,The Guard
335186,The Dossier
68718,Django Unchained
314305,The Visit
273187,The Scarehouse
312962,The Return
314497,The Youth
302665,The Cut
346296,The Crimean
308912,The Redeemer
353566,The Losers
322434,The Ceremony
314630,The Prince
291005,The Sleepwalker
294703,The Maneater
285311,The Commitment
292108,The Hunted
287510,The Valley
300391,The Move
313667,The Coffinmaker
264397,The Incident
282668,The Surrender
267815,The Absent
295058,The Tree
288103,The Extendables
314586,The Liar
140300,Kung Fu Panda 3
315289,The Scar
277640,The Tree
110416,Song of the Sea
334375,The Change
321371,The Wicked
252200,The Sunfish
306817,The Wicked
292604,The Barnhouse
489,Good Will Hunting
296597,The Finger
294811,The Tunnel
300466,The Call
5915,Into the Wild
317734,The Gift
278559,The Year and the Vineyard
214513,The Immoral
267311,The Dream
291783,The Rooms
262280,The Windmill
334344,The Huckster
246443,Die Spionin
348906,El Diíçlogo
273620,The Pray
259811,The Godmother
255280,The Lamb
284729,The Fort
256676,The Inheritance
256542,The Harbor
310986,The Weight
256210,The Night
327521,The Transcend
277812,The Impeccables
289309,The Shove
259841,The Supreme
256538,The Incomplete
230846,The Pig
250328,The Future
260089,The Optimists
224491,The Miracle
152760,The Monuments Men
254435,The Boy in the Mirror
255157,The Forger
268173,The Gravity of the Pugilist
314627,The Silence of the Shepherd
314598,The Mother of the Lamb
265638,The Silence of the Princess
304843,The Newsroom: Off the Record
314482,The Rules of the Game
229297,Magic in the Moonlight
9502,Kung Fu Panda
309186,The Trace of the Butterfly
254407,The Rest of the World
196405,The Edge of the World
259908,The Valley of the Jato
453,A Beautiful Mind
109443,Anchorman 2: The Legend Continues
15,Citizen Kane
629,The Usual Suspects
429,"The Good, the Bad and the Ugly"
